28988|Abkhazia, A-Mobile (ge, +7)
28968|Abkhazia, A-Mobile (ge, +7)
28967|Abkhazia, Aquafon (ge, +7)
41288|Afghanistan, Afghan Telecom Corp. (AT) (af, +93)
41280|Afghanistan, Afghan Telecom Corp. (AT) (af, +93)
4121|Afghanistan, Afghan Wireless/AWCC (af, +93)
41240|Afghanistan, Areeba/MTN (af, +93)
41230|Afghanistan, Etisalat (af, +93)
41250|Afghanistan, Etisalat (af, +93)
41220|Afghanistan, Roshan/TDCA (af, +93)
4123|Afghanistan, WaselTelecom (WT) (af, +93)
2761|Albania, AMC/Cosmote (al, +355)
2763|Albania, Eagle Mobile (al, +355)
2764|Albania, PLUS Communication Sh.a (al, +355)
2762|Albania, Vodafone (al, +355)
6031|Algeria, ATM Mobils (dz, +213)
6032|Algeria, Orascom / DJEZZY (dz, +213)
6033|Algeria, Oreedo/Wataniya / Nedjma (dz, +213)
54411|American Samoa, Blue Sky Communications (as, +684)
2133|Andorra, Mobiland (ad, +376)
6314|Angola, MoviCel (ao, +244)
6312|Angola, Unitel (ao, +244)
365840|Anguilla, Cable and Wireless (ai, +1264)
36510|Anguilla, Digicell / Wireless Vent. Ltd (ai, +1264)
34430|Antigua and Barbuda, APUA PCS (ag, +1268)
344920|Antigua and Barbuda, C & W (ag, +1268)
344930|Antigua and Barbuda, DigiCel/Cing. Wireless (ag, +1268)
722310|Argentina Republic, Claro/ CTI/AMX (ar, +54)
722330|Argentina Republic, Claro/ CTI/AMX (ar, +54)
722320|Argentina Republic, Claro/ CTI/AMX (ar, +54)
72210|Argentina Republic, Compania De Radiocomunicaciones Moviles SA (ar, +54)
72270|Argentina Republic, Movistar/Telefonica (ar, +54)
72220|Argentina Republic, Nextel (ar, +54)
722340|Argentina Republic, Telecom Personal S.A. (ar, +54)
722341|Argentina Republic, Telecom Personal S.A. (ar, +54)
2831|Armenia, ArmenTel/Beeline (am, +374)
2834|Armenia, Karabakh Telecom (am, +374)
28310|Armenia, Orange (am, +374)
2835|Armenia, Vivacell (am, +374)
36320|Aruba, Digicel (aw, +297)
3632|Aruba, Digicel (aw, +297)
3631|Aruba, Setar GSM (aw, +297)
50514|Australia, AAPT Ltd. (au, +61)
50524|Australia, Advanced Comm Tech Pty. (au, +61)
5059|Australia, Airnet Commercial Australia Ltd.. (au, +61)
5054|Australia, Department of Defense (au, +61)
50526|Australia, Dialogue Communications Pty Ltd (au, +61)
50512|Australia, H3G Ltd. (au, +61)
5056|Australia, H3G Ltd. (au, +61)
50588|Australia, Localstar Holding Pty. Ltd (au, +61)
50519|Australia, Lycamobile Pty Ltd (au, +61)
5058|Australia, Railcorp/Vodafone (au, +61)
50599|Australia, Railcorp/Vodafone (au, +61)
50513|Australia, Railcorp/Vodafone (au, +61)
50590|Australia, Singtel Optus (au, +61)
5052|Australia, Singtel Optus (au, +61)
50511|Australia, Telstra Corp. Ltd. (au, +61)
50572|Australia, Telstra Corp. Ltd. (au, +61)
50571|Australia, Telstra Corp. Ltd. (au, +61)
5051|Australia, Telstra Corp. Ltd. (au, +61)
5055|Australia, The Ozitel Network Pty. (au, +61)
50516|Australia, Victorian Rail Track Corp. (VicTrack) (au, +61)
5057|Australia, Vodafone (au, +61)
5053|Australia, Vodafone (au, +61)
2321|Austria, A1 MobilKom (at, +43)
2322|Austria, A1 MobilKom (at, +43)
23211|Austria, A1 MobilKom (at, +43)
2329|Austria, A1 MobilKom (at, +43)
23215|Austria, T-Mobile/Telering (at, +43)
23210|Austria, H3G (at, +43)
23214|Austria, H3G (at, +43)
2325|Austria, 3/Orange/One Connect (at, +43)
2326|Austria, 3/Orange/One Connect (at, +43)
23212|Austria, 3/Orange/One Connect (at, +43)
23217|Austria, Spusu/Mass Response (at, +43)
2324|Austria, T-Mobile/Telering (at, +43)
2323|Austria, T-Mobile/Telering (at, +43)
2327|Austria, T-Mobile/Telering (at, +43)
23219|Austria, Tele2 (at, +43)
2328|Austria, A1 MobilKom (at, +43)
23213|Austria, UPC Austria (at, +43)
4001|Azerbaijan, Azercell Telekom B.M. (az, +994)
4004|Azerbaijan, Azerfon. (az, +994)
4003|Azerbaijan, Caspian American Telecommunications LLC (CATEL) (az, +994)
4002|Azerbaijan, J.V. Bakcell GSM 2000 (az, +994)
364390|Bahamas, Bahamas Telco. Comp. (bs, +1242)
36439|Bahamas, Bahamas Telco. Comp. (bs, +1242)
36430|Bahamas, Bahamas Telco. Comp. (bs, +1242)
3643|Bahamas, Smart Communications (bs, +1242)
4261|Bahrain, Batelco (bh, +973)
4262|Bahrain, ZAIN/Vodafone (bh, +973)
4264|Bahrain, VIVA (bh, +973)
4702|Bangladesh, Robi/Aktel (bd, +880)
4705|Bangladesh, Citycell (bd, +880)
4706|Bangladesh, Citycell (bd, +880)
4701|Bangladesh, GrameenPhone (bd, +880)
4703|Bangladesh, Orascom/Banglalink (bd, +880)
4704|Bangladesh, TeleTalk (bd, +880)
4707|Bangladesh, Airtel/Warid (bd, +880)
342600|Barbados, LIME (bb, +1246)
342810|Barbados, Cingular Wireless (bb, +1246)
342750|Barbados, Digicel (bb, +1246)
34250|Barbados, Digicel (bb, +1246)
342820|Barbados, Sunbeach (bb, +1246)
2573|Belarus, BelCel JV (by, +375)
2574|Belarus, BeST (by, +375)
2571|Belarus, Mobile Digital Communications (by, +375)
2572|Belarus, MTS (by, +375)
20620|Belgium, Base/KPN (be, +32)
2061|Belgium, Belgacom/Proximus (be, +32)
2066|Belgium, Lycamobile Belgium (be, +32)
20610|Belgium, Mobistar/Orange (be, +32)
2062|Belgium, SNCT/NMBS (be, +32)
2065|Belgium, Telenet BidCo NV (be, +32)
70267|Belize, DigiCell (bz, +501)
70268|Belize, International Telco (INTELCO) (bz, +501)
6164|Benin, Bell Benin/BBCOM (bj, +229)
6162|Benin, Etisalat/MOOV (bj, +229)
6165|Benin, GloMobile (bj, +229)
6161|Benin, Libercom (bj, +229)
6163|Benin, MTN/Spacetel (bj, +229)
3500|Bermuda, Bermuda Digital Communications Ltd (BDC) (bm, +1441)
35099|Bermuda, CellOne Ltd (bm, +1441)
35010|Bermuda, DigiCel / Cingular (bm, +1441)
3502|Bermuda, M3 Wireless Ltd (bm, +1441)
3501|Bermuda, Telecommunications (Bermuda & West Indies) Ltd (Digicel Bermuda) (bm, +1441)
40211|Bhutan, B-Mobile (bt, +975)
40217|Bhutan, Bhutan Telecom Ltd (BTL) (bt, +975)
40277|Bhutan, TashiCell (bt, +975)
7362|Bolivia, Entel Pcs (bo, +591)
7361|Bolivia, Viva/Nuevatel (bo, +591)
7363|Bolivia, Tigo (bo, +591)
21890|Bosnia & Herzegov., BH Mobile (ba, +387)
2183|Bosnia & Herzegov., Eronet Mobile (ba, +387)
2185|Bosnia & Herzegov., M-Tel (ba, +387)
6524|Botswana, BeMOBILE (bw, +267)
6521|Botswana, Mascom Wireless (Pty) Ltd. (bw, +267)
6522|Botswana, Orange (bw, +267)
72412|Brazil, Claro/Albra/America Movil (br, +55)
72438|Brazil, Claro/Albra/America Movil (br, +55)
7245|Brazil, Claro/Albra/America Movil (br, +55)
7241|Brazil, Vivo S.A./Telemig (br, +55)
72433|Brazil, CTBC Celular SA (CTBC) (br, +55)
72432|Brazil, CTBC Celular SA (CTBC) (br, +55)
72434|Brazil, CTBC Celular SA (CTBC) (br, +55)
7248|Brazil, TIM (br, +55)
72439|Brazil, Nextel (Telet) (br, +55)
7240|Brazil, Nextel (Telet) (br, +55)
72424|Brazil, Amazonia Celular S/A (br, +55)
72430|Brazil, Oi (TNL PCS / Oi) (br, +55)
72416|Brazil, Brazil Telcom (br, +55)
72431|Brazil, Oi (TNL PCS / Oi) (br, +55)
72454|Brazil, PORTO SEGURO TELECOMUNICACOES (br, +55)
72415|Brazil, Sercontel Cel (br, +55)
7247|Brazil, CTBC/Triangulo (br, +55)
72419|Brazil, Vivo S.A./Telemig (br, +55)
7242|Brazil, TIM (br, +55)
7244|Brazil, TIM (br, +55)
7243|Brazil, TIM (br, +55)
72437|Brazil, Unicel do Brasil Telecomunicacoes Ltda (br, +55)
7246|Brazil, Vivo S.A./Telemig (br, +55)
72423|Brazil, Vivo S.A./Telemig (br, +55)
72411|Brazil, Vivo S.A./Telemig (br, +55)
72410|Brazil, Vivo S.A./Telemig (br, +55)
348570|British Virgin Islands, Caribbean Cellular (vg, +284)
348770|British Virgin Islands, Digicel (vg, +284)
348170|British Virgin Islands, LIME (vg, +284)
5282|Brunei Darussalam, b-mobile (bn, +673)
52811|Brunei Darussalam, Datastream (DTSCom) (bn, +673)
5281|Brunei Darussalam, Telekom Brunei Bhd (TelBru) (bn, +673)
2846|Bulgaria, BTC Mobile EOOD (vivatel) (bg, +359)
2843|Bulgaria, BTC Mobile EOOD (vivatel) (bg, +359)
2845|Bulgaria, Telenor/Cosmo/Globul (bg, +359)
2841|Bulgaria, MobilTel AD (bg, +359)
6133|Burkina Faso, TeleCel (bf, +226)
6131|Burkina Faso, TeleMob-OnaTel (bf, +226)
6132|Burkina Faso, Airtel/ZAIN/CelTel (bf, +226)
6422|Burundi, Africel / Safaris (bi, +257)
6428|Burundi, Lumitel/Viettel (bi, +257)
6423|Burundi, Onatel / Telecel (bi, +257)
6427|Burundi, Smart Mobile / LACELL (bi, +257)
64282|Burundi, Spacetel / Econet / Leo (bi, +257)
6421|Burundi, Spacetel / Econet / Leo (bi, +257)
4564|Cambodia, Cambodia Advance Communications Co. Ltd (CADCOMMS) (kh, +855)
4562|Cambodia, Smart Mobile (kh, +855)
4568|Cambodia, Metfone (kh, +855)
45618|Cambodia, MFone/Camshin/Cellcard (kh, +855)
4561|Cambodia, Mobitel/Cam GSM (kh, +855)
4563|Cambodia, QB/Cambodia Adv. Comms. (kh, +855)
4566|Cambodia, Smart Mobile (kh, +855)
4565|Cambodia, Smart Mobile (kh, +855)
4569|Cambodia, Sotelco/Beeline (kh, +855)
6241|Cameroon, MTN (cm, +237)
6244|Cameroon, Nextel (cm, +237)
6242|Cameroon, Orange (cm, +237)
302652|Canada, BC Tel Mobility (ca, +1)
302630|Canada, Bell Aliant (ca, +1)
302610|Canada, Bell Mobility (ca, +1)
302651|Canada, Bell Mobility (ca, +1)
302670|Canada, CityWest Mobility (ca, +1)
302361|Canada, Clearnet (ca, +1)
302360|Canada, Clearnet (ca, +1)
302380|Canada, DMTS Mobility (ca, +1)
302710|Canada, Globalstar Canada (ca, +1)
302640|Canada, Latitude Wireless (ca, +1)
302370|Canada, FIDO (Rogers AT&T/ Microcell) (ca, +1)
302320|Canada, mobilicity (ca, +1)
302702|Canada, MT&T Mobility (ca, +1)
302660|Canada, MTS Mobility (ca, +1)
302655|Canada, MTS Mobility (ca, +1)
302701|Canada, NB Tel Mobility (ca, +1)
302703|Canada, New Tel Mobility (ca, +1)
302760|Canada, Public Mobile (ca, +1)
302657|Canada, Quebectel Mobility (ca, +1)
302720|Canada, Rogers AT&T Wireless (ca, +1)
302780|Canada, Sask Tel Mobility (ca, +1)
302680|Canada, Sask Tel Mobility (ca, +1)
302654|Canada, Sask Tel Mobility (ca, +1)
302656|Canada, Tbay Mobility (ca, +1)
302653|Canada, Telus Mobility (ca, +1)
302220|Canada, Telus Mobility (ca, +1)
302500|Canada, Videotron (ca, +1)
302490|Canada, WIND (ca, +1)
6251|Cape Verde, CV Movel (cv, +238)
6252|Cape Verde, T+ Telecom (cv, +238)
34650|Cayman Islands, Digicel Cayman Ltd (ky, +1345)
3466|Cayman Islands, Digicel Ltd. (ky, +1345)
346140|Cayman Islands, LIME / Cable & Wirel. (ky, +1345)
6231|Central African Rep., Centrafr. Telecom+ (cf, +236)
6234|Central African Rep., Nationlink (cf, +236)
6233|Central African Rep., Orange/Celca (cf, +236)
6232|Central African Rep., Telecel Centraf. (cf, +236)
6224|Chad, Salam/Sotel (td, +235)
6222|Chad, Tchad Mobile (td, +235)
6223|Chad, Tigo/Milicom/Tchad Mobile (td, +235)
6221|Chad, Airtel/ZAIN/Celtel (td, +235)
7306|Chile, Blue Two Chile SA (cl, +56)
73011|Chile, Celupago SA (cl, +56)
73015|Chile, Cibeles Telecom SA (cl, +56)
7303|Chile, Claro (cl, +56)
73010|Chile, Entel Telefonia (cl, +56)
7301|Chile, Entel Telefonia Mov (cl, +56)
73014|Chile, Netline Telefonica Movil Ltda (cl, +56)
7309|Chile, Nextel SA (cl, +56)
7305|Chile, Nextel SA (cl, +56)
7304|Chile, Nextel SA (cl, +56)
73019|Chile, Sociedad Falabella Movil SPA (cl, +56)
7307|Chile, TELEFONICA (cl, +56)
7302|Chile, TELEFONICA (cl, +56)
73012|Chile, Telestar Movil SA (cl, +56)
7300|Chile, TESAM SA (cl, +56)
73013|Chile, Tribe Mobile SPA (cl, +56)
7308|Chile, VTR Banda Ancha SA (cl, +56)
4607|China, China Mobile GSM (cn, +86)
4602|China, China Mobile GSM (cn, +86)
4600|China, China Mobile GSM (cn, +86)
4604|China, China Space Mobile Satellite Telecommunications Co. Ltd (China Spacecom) (cn, +86)
4605|China, China Telecom (cn, +86)
4603|China, China Telecom (cn, +86)
4606|China, China Unicom (cn, +86)
4601|China, China Unicom (cn, +86)
732130|Colombia, Avantel SAS (co, +57)
732102|Colombia, Movistar (co, +57)
732103|Colombia, TIGO/Colombia Movil (co, +57)
7321|Colombia, TIGO/Colombia Movil (co, +57)
732101|Colombia, Comcel S.A. Occel S.A./Celcaribe (co, +57)
7322|Colombia, Edatel S.A. (co, +57)
732187|Colombia, eTb (co, +57)
732123|Colombia, Movistar (co, +57)
732111|Colombia, TIGO/Colombia Movil (co, +57)
732142|Colombia, UNE EPM Telecomunicaciones SA ESP (co, +57)
73220|Colombia, UNE EPM Telecomunicaciones SA ESP (co, +57)
732154|Colombia, Virgin Mobile Colombia SAS (co, +57)
6541|Comoros, HURI - SNPT (km, +269)
63090|Congo, Dem. Rep., Africell (cd, +243)
63086|Congo, Dem. Rep., Orange RDC sarl (cd, +243)
6305|Congo, Dem. Rep., SuperCell (cd, +243)
63089|Congo, Dem. Rep., TIGO/Oasis (cd, +243)
6301|Congo, Dem. Rep., Vodacom (cd, +243)
63088|Congo, Dem. Rep., Yozma Timeturns sprl (YTT) (cd, +243)
6302|Congo, Dem. Rep., Airtel/ZAIN (cd, +243)
6291|Congo, Republic, Airtel SA (cg, +242)
6292|Congo, Republic, Azur SA (ETC) (cg, +242)
62910|Congo, Republic, MTN/Libertis (cg, +242)
6297|Congo, Republic, Warid (cg, +242)
5481|Cook Islands, Telecom Cook Islands (ck, +682)
7123|Costa Rica, Claro (cr, +506)
7122|Costa Rica, ICE (cr, +506)
7121|Costa Rica, ICE (cr, +506)
7124|Costa Rica, Movistar (cr, +506)
71220|Costa Rica, Virtualis (cr, +506)
2191|Croatia, T-Mobile/Cronet (hr, +385)
2192|Croatia, Tele2 (hr, +385)
21910|Croatia, VIPnet d.o.o. (hr, +385)
3681|Cuba, C-COM (cu, +53)
36295|Curacao, EOCG Wireless NV (cw, +599)
36269|Curacao, Polycom N.V./ Digicel (cw, +599)
28010|Cyprus, MTN/Areeba (cy, +357)
28020|Cyprus, PrimeTel PLC (cy, +357)
2801|Cyprus, Vodafone/CyTa (cy, +357)
2308|Czech Rep., Compatel s.r.o. (cz, +420)
2302|Czech Rep., O2 (cz, +420)
2301|Czech Rep., T-Mobile / RadioMobil (cz, +420)
2305|Czech Rep., Travel Telekommunikation s.r.o. (cz, +420)
2304|Czech Rep., Ufone (cz, +420)
2303|Czech Rep., Vodafone (cz, +420)
23099|Czech Rep., Vodafone (cz, +420)
2385|Denmark, ApS KBUS (dk, +45)
23823|Denmark, Banedanmark (dk, +45)
23828|Denmark, CoolTEL ApS (dk, +45)
2386|Denmark, H3G (dk, +45)
23812|Denmark, Lycamobile Ltd (dk, +45)
2383|Denmark, Mach Connectivity ApS (dk, +45)
2387|Denmark, Mundio Mobile (dk, +45)
2384|Denmark, NextGen Mobile Ltd (CardBoardFish) (dk, +45)
23810|Denmark, TDC Denmark (dk, +45)
2381|Denmark, TDC Denmark (dk, +45)
23877|Denmark, Telenor/Sonofon (dk, +45)
2382|Denmark, Telenor/Sonofon (dk, +45)
23820|Denmark, Telia (dk, +45)
23830|Denmark, Telia (dk, +45)
6381|Djibouti, Djibouti Telecom SA (Evatis) (dj, +253)
366110|Dominica, C & W (dm, +1767)
36620|Dominica, Cingular Wireless/Digicel (dm, +1767)
36650|Dominica, Wireless Ventures (Dominica) Ltd (Digicel Dominica) (dm, +1767)
3702|Dominican Republic, Claro (do, +1809)
3701|Dominican Republic, Orange (do, +1809)
3703|Dominican Republic, TRIcom (do, +1809)
3704|Dominican Republic, Trilogy Dominicana S. A. (do, +1809)
7402|Ecuador, Alegro/Telcsa (ec, +593)
7400|Ecuador, MOVISTAR/OteCel (ec, +593)
7401|Ecuador, Claro/Porta (ec, +593)
6021|Egypt, Orange/Mobinil (eg, +20)
6023|Egypt, ETISALAT (eg, +20)
6022|Egypt, Vodafone/Mirsfone (eg, +20)
7061|El Salvador, CLARO/CTE (sv, +503)
7062|El Salvador, Digicel (sv, +503)
7065|El Salvador, INTELFON SA de CV (sv, +503)
7064|El Salvador, Telefonica (sv, +503)
7063|El Salvador, Telemovil (sv, +503)
6273|Equatorial Guinea, HiTs-GE (gq, +240)
6271|Equatorial Guinea, ORANGE/GETESA (gq, +240)
6571|Eritrea, Eritel (er, +291)
2481|Estonia, EMT GSM (ee, +372)
2482|Estonia, Radiolinja Eesti (ee, +372)
2483|Estonia, Tele2 Eesti AS (ee, +372)
2484|Estonia, Top Connect OU (ee, +372)
6361|Ethiopia, ETH/MTN (et, +251)
7501|Falkland Islands (Malvinas), Cable and Wireless South Atlantic Ltd (Falkland Islands (fk, +500)
2883|Faroe Islands, Edge Mobile Sp/F (fo, +298)
2881|Faroe Islands, Faroese Telecom (fo, +298)
2882|Faroe Islands, Kall GSM (fo, +298)
5422|Fiji, DigiCell (fj, +679)
5421|Fiji, Vodafone (fj, +679)
24414|Finland, Alands (fi, +358)
24426|Finland, Compatel Ltd (fi, +358)
24412|Finland, DNA/Finnet (fi, +358)
2443|Finland, DNA/Finnet (fi, +358)
2444|Finland, DNA/Finnet (fi, +358)
24413|Finland, DNA/Finnet (fi, +358)
24421|Finland, Elisa/Saunalahti (fi, +358)
2445|Finland, Elisa/Saunalahti (fi, +358)
24482|Finland, ID-Mobile (fi, +358)
24411|Finland, Mundio Mobile (Finland) Ltd (fi, +358)
2449|Finland, Nokia Oyj (fi, +358)
24410|Finland, TDC Oy Finland (fi, +358)
24491|Finland, TeliaSonera (fi, +358)
20827|France, AFONE SA (fr, +33)
20892|France, Association Plate-forme Telecom (fr, +33)
20828|France, Astrium (fr, +33)
20888|France, Bouygues Telecom (fr, +33)
20821|France, Bouygues Telecom (fr, +33)
20820|France, Bouygues Telecom (fr, +33)
20814|France, Lliad/FREE Mobile (fr, +33)
2086|France, GlobalStar (fr, +33)
2085|France, GlobalStar (fr, +33)
2087|France, GlobalStar (fr, +33)
20829|France, Orange (fr, +33)
20817|France, Legos - Local Exchange Global Operation Services SA (fr, +33)
20816|France, Lliad/FREE Mobile (fr, +33)
20815|France, Lliad/FREE Mobile (fr, +33)
20825|France, Lycamobile SARL (fr, +33)
20824|France, MobiquiThings (fr, +33)
2083|France, MobiquiThings (fr, +33)
20831|France, Mundio Mobile (France) Ltd (fr, +33)
20826|France, NRJ (fr, +33)
20889|France, Virgin Mobile/Omer (fr, +33)
20823|France, Virgin Mobile/Omer (fr, +33)
20891|France, Orange (fr, +33)
2082|France, Orange (fr, +33)
2081|France, Orange (fr, +33)
20810|France, S.F.R. (fr, +33)
20813|France, S.F.R. (fr, +33)
2089|France, S.F.R. (fr, +33)
20811|France, S.F.R. (fr, +33)
2084|France, SISTEER (fr, +33)
2080|France, Tel/Tel (fr, +33)
20822|France, Transatel SA (fr, +33)
34020|French Guiana, Bouygues/DigiCel (fg, +594)
3401|French Guiana, Orange Caribe (fg, +594)
3402|French Guiana, Outremer Telecom (fg, +594)
3403|French Guiana, TelCell GSM (fg, +594)
34011|French Guiana, TelCell GSM (fg, +594)
54715|French Polynesia, Pacific Mobile Telecom (PMT) (pf, +689)
54720|French Polynesia, Vini/Tikiphone (pf, +689)
6284|Gabon, Azur/Usan S.A. (ga, +241)
6281|Gabon, Libertis S.A. (ga, +241)
6282|Gabon, MOOV/Telecel (ga, +241)
6283|Gabon, Airtel/ZAIN/Celtel Gabon S.A. (ga, +241)
6072|Gambia, Africel (gm, +220)
6073|Gambia, Comium (gm, +220)
6071|Gambia, Gamcel (gm, +220)
6074|Gambia, Q-Cell (gm, +220)
2821|Georgia, Geocell Ltd. (ge, +995)
2823|Georgia, Iberiatel Ltd. (ge, +995)
2822|Georgia, Magti GSM Ltd. (ge, +995)
2824|Georgia, MobiTel/Beeline (ge, +995)
2825|Georgia, Silknet (ge, +995)
26217|Germany, E-Plus (de, +49)
26210|Germany, DB Netz AG (de, +49)
262n/a|Germany, Debitel (de, +49)
2623|Germany, E-Plus (de, +49)
2625|Germany, E-Plus (de, +49)
26277|Germany, E-Plus (de, +49)
26220|Germany, E-Plus (de, +49)
26212|Germany, E-Plus (de, +49)
26214|Germany, Group 3G UMTS (de, +49)
26243|Germany, Lycamobile (de, +49)
26213|Germany, Mobilcom (de, +49)
2627|Germany, O2 (de, +49)
2628|Germany, O2 (de, +49)
26211|Germany, O2 (de, +49)
262n/a|Germany, Talkline (de, +49)
2626|Germany, T-mobile/Telekom (de, +49)
2621|Germany, T-mobile/Telekom (de, +49)
26216|Germany, Telogic/ViStream (de, +49)
2624|Germany, Vodafone D2 (de, +49)
2622|Germany, Vodafone D2 (de, +49)
26242|Germany, Vodafone D2 (de, +49)
2629|Germany, Vodafone D2 (de, +49)
6204|Ghana, Expresso Ghana Ltd (gh, +233)
6207|Ghana, GloMobile (gh, +233)
6203|Ghana, Milicom/Tigo (gh, +233)
6201|Ghana, MTN (gh, +233)
6202|Ghana, Vodafone (gh, +233)
6206|Ghana, Airtel/ZAIN (gh, +233)
2666|Gibraltar, CTS Mobile (gi, +350)
2669|Gibraltar, eazi telecom (gi, +350)
2661|Gibraltar, Gibtel GSM (gi, +350)
2027|Greece, AMD Telecom SA (gr, +30)
2022|Greece, Cosmote (gr, +30)
2021|Greece, Cosmote (gr, +30)
20214|Greece, CyTa Mobile (gr, +30)
2024|Greece, Organismos Sidirodromon Ellados (OSE) (gr, +30)
2023|Greece, OTE Hellenic Telecommunications Organization SA (gr, +30)
20210|Greece, Tim/Wind (gr, +30)
2029|Greece, Tim/Wind (gr, +30)
2025|Greece, Vodafone (gr, +30)
2901|Greenland, Tele Greenland (gl, +299)
352110|Grenada, Cable & Wireless (gd, +1473)
35230|Grenada, Digicel (gd, +1473)
35250|Grenada, Digicel (gd, +1473)
3408|Guadeloupe, Dauphin Telecom SU (Guadeloupe Telecom) (gp, +590)
34010|Guadeloupe, (gp, +590)
310370|Guam, Docomo (gu, +1671)
310470|Guam, Docomo (gu, +1671)
310140|Guam, GTA Wireless (gu, +1671)
31033|Guam, Guam Teleph. Auth. (gu, +1671)
31032|Guam, IT&E OverSeas (gu, +1671)
311250|Guam, Wave Runner LLC (gu, +1671)
7041|Guatemala, Claro (gt, +502)
7043|Guatemala, Telefonica (gt, +502)
7042|Guatemala, TIGO/COMCEL (gt, +502)
6114|Guinea, MTN/Areeba (gn, +224)
6115|Guinea, Celcom (gn, +224)
6113|Guinea, Intercel (gn, +224)
6111|Guinea, Orange/Sonatel/Spacetel (gn, +224)
6112|Guinea, SotelGui (gn, +224)
6321|Guinea-Bissau, GuineTel (gw, +245)
6323|Guinea-Bissau, Orange (gw, +245)
6322|Guinea-Bissau, SpaceTel (gw, +245)
7382|Guyana, Cellink Plus (gy, +592)
7381|Guyana, DigiCel (gy, +592)
3721|Haiti, Comcel (ht, +509)
3722|Haiti, Digicel (ht, +509)
3723|Haiti, National Telecom SA (NatCom) (ht, +509)
70840|Honduras, Digicel (hn, +504)
70830|Honduras, HonduTel (hn, +504)
7081|Honduras, SERCOM/CLARO (hn, +504)
7082|Honduras, Telefonica/CELTEL (hn, +504)
45413|Hongkong, China, China Mobile/Peoples (hk, +852)
45412|Hongkong, China, China Mobile/Peoples (hk, +852)
45428|Hongkong, China, China Mobile/Peoples (hk, +852)
4549|Hongkong, China, China Motion (hk, +852)
4547|Hongkong, China, China Unicom Ltd (hk, +852)
45411|Hongkong, China, China-HongKong Telecom Ltd (CHKTL) (hk, +852)
4541|Hongkong, China, Citic Telecom Ltd. (hk, +852)
4542|Hongkong, China, CSL Ltd. (hk, +852)
4540|Hongkong, China, CSL Ltd. (hk, +852)
45418|Hongkong, China, CSL Ltd. (hk, +852)
45410|Hongkong, China, CSL/New World PCS Ltd. (hk, +852)
4544|Hongkong, China, H3G/Hutchinson (hk, +852)
4543|Hongkong, China, H3G/Hutchinson (hk, +852)
45414|Hongkong, China, H3G/Hutchinson (hk, +852)
4545|Hongkong, China, H3G/Hutchinson (hk, +852)
45419|Hongkong, China, HKT/PCCW (hk, +852)
45420|Hongkong, China, HKT/PCCW (hk, +852)
45429|Hongkong, China, HKT/PCCW (hk, +852)
45416|Hongkong, China, HKT/PCCW (hk, +852)
45447|Hongkong, China, shared by private TETRA systems (hk, +852)
45440|Hongkong, China, shared by private TETRA systems (hk, +852)
4548|Hongkong, China, Truephone (hk, +852)
45417|Hongkong, China, Vodafone/SmarTone (hk, +852)
45415|Hongkong, China, Vodafone/SmarTone (hk, +852)
4546|Hongkong, China, Vodafone/SmarTone (hk, +852)
2161|Hungary, Pannon/Telenor (hu, +36)
21630|Hungary, T-mobile/Magyar (hu, +36)
21671|Hungary, UPC Magyarorszag Kft. (hu, +36)
21670|Hungary, Vodafone (hu, +36)
2749|Iceland, Amitelo (is, +354)
2747|Iceland, IceCell (is, +354)
2748|Iceland, Siminn (is, +354)
2741|Iceland, Siminn (is, +354)
27411|Iceland, NOVA (is, +354)
2744|Iceland, VIKING/IMC (is, +354)
2742|Iceland, Vodafone/Tal hf (is, +354)
2745|Iceland, Vodafone/Tal hf (is, +354)
2743|Iceland, Vodafone/Tal hf (is, +354)
40425|India, Aircel (in, +91)
40417|India, Aircel (in, +91)
40442|India, Aircel (in, +91)
40433|India, Aircel (in, +91)
40429|India, Aircel (in, +91)
40428|India, Aircel (in, +91)
40415|India, Aircel Digilink India (in, +91)
40460|India, Aircel Digilink India (in, +91)
4041|India, Aircel Digilink India (in, +91)
40553|India, AirTel (in, +91)
40486|India, Barakhamba Sales & Serv. (in, +91)
40413|India, Barakhamba Sales & Serv. (in, +91)
40476|India, BSNL (in, +91)
40453|India, BSNL (in, +91)
40462|India, BSNL (in, +91)
40459|India, BSNL (in, +91)
40475|India, BSNL (in, +91)
40451|India, BSNL (in, +91)
40481|India, BSNL (in, +91)
40458|India, BSNL (in, +91)
40474|India, BSNL (in, +91)
40438|India, BSNL (in, +91)
40480|India, BSNL (in, +91)
40457|India, BSNL (in, +91)
40473|India, BSNL (in, +91)
40434|India, BSNL (in, +91)
40455|India, BSNL (in, +91)
40466|India, BSNL (in, +91)
40472|India, BSNL (in, +91)
40477|India, BSNL (in, +91)
40454|India, BSNL (in, +91)
40464|India, BSNL (in, +91)
40471|India, BSNL (in, +91)
40410|India, Bharti Airtel Limited (Delhi) (in, +91)
40445|India, Bharti Airtel Limited (Karnataka) (India) (in, +91)
40479|India, CellOne A&N (in, +91)
40482|India, Escorts Telecom Ltd. (in, +91)
40489|India, Escorts Telecom Ltd. (in, +91)
40488|India, Escorts Telecom Ltd. (in, +91)
40487|India, Escorts Telecom Ltd. (in, +91)
40456|India, Escotel Mobile Communications (in, +91)
40412|India, Escotel Mobile Communications (in, +91)
40419|India, Escotel Mobile Communications (in, +91)
4055|India, Fascel Limited (in, +91)
4045|India, Fascel (in, +91)
40470|India, Hexacom India (in, +91)
40416|India, Hexcom India (in, +91)
4047|India, Idea Cellular Ltd. (in, +91)
4044|India, Idea Cellular Ltd. (in, +91)
40424|India, Idea Cellular Ltd. (in, +91)
40422|India, Idea Cellular Ltd. (in, +91)
40478|India, Idea Cellular Ltd. (in, +91)
40469|India, Mahanagar Telephone Nigam (in, +91)
40468|India, Mahanagar Telephone Nigam (in, +91)
40483|India, Reliable Internet Services (in, +91)
40418|India, Reliance Telecom Private (in, +91)
40485|India, Reliance Telecom Private (in, +91)
4049|India, Reliance Telecom Private (in, +91)
40436|India, Reliance Telecom Private (in, +91)
40452|India, Reliance Telecom Private (in, +91)
40450|India, Reliance Telecom Private (in, +91)
40467|India, Reliance Telecom Private (in, +91)
40441|India, RPG Cellular (in, +91)
40414|India, Spice (in, +91)
40444|India, Spice (in, +91)
40411|India, Sterling Cellular Ltd. (in, +91)
40534|India, TATA / Karnataka (in, +91)
40430|India, Usha Martin Telecom (in, +91)
5108|Indonesia, Axis/Natrindo (id, +62)
51099|Indonesia, Esia (PT Bakrie Telecom) (CDMA) (id, +62)
5107|Indonesia, Flexi (PT Telkom) (CDMA) (id, +62)
51089|Indonesia, H3G CP (id, +62)
51021|Indonesia, Indosat/Satelindo/M3 (id, +62)
5101|Indonesia, Indosat/Satelindo/M3 (id, +62)
5100|Indonesia, PT Pasifik Satelit Nusantara (PSN) (id, +62)
51027|Indonesia, PT Sampoerna Telekomunikasi Indonesia (STI) (id, +62)
5109|Indonesia, PT Smartfren Telecom Tbk (id, +62)
51028|Indonesia, PT Smartfren Telecom Tbk (id, +62)
51011|Indonesia, PT. Excelcom (id, +62)
51010|Indonesia, Telkomsel (id, +62)
90113|International Networks, Antarctica (n/a, +882)
43219|Iran, Mobile Telecommunications Company of Esfahan JV-PJS (MTCE) (ir, +98)
43270|Iran, MTCE (ir, +98)
43235|Iran, MTN/IranCell (ir, +98)
43220|Iran, Rightel (ir, +98)
43232|Iran, Taliya (ir, +98)
43211|Iran, MCI/TCI (ir, +98)
43214|Iran, TKC/KFZO (ir, +98)
4185|Iraq, Asia Cell (iq, +964)
41892|Iraq, Itisaluna and Kalemat (iq, +964)
41840|Iraq, Korek (iq, +964)
41882|Iraq, Korek (iq, +964)
41845|Iraq, Mobitel (Iraq-Kurdistan) and Moutiny (iq, +964)
41830|Iraq, Orascom Telecom (iq, +964)
41820|Iraq, ZAIN/Atheer/Orascom (iq, +964)
4188|Iraq, Sanatel (iq, +964)
2724|Ireland, Access Telecom Ltd. (ie, +353)
2729|Ireland, Clever Communications Ltd (ie, +353)
2727|Ireland, eircom Ltd (ie, +353)
2725|Ireland, Three/H3G (ie, +353)
27211|Ireland, Tesco Mobile/Liffey Telecom (ie, +353)
27213|Ireland, Lycamobile (ie, +353)
2723|Ireland, Meteor Mobile Ltd. (ie, +353)
2722|Ireland, Three/O2/Digifone (ie, +353)
2721|Ireland, Vodafone Eircell (ie, +353)
42514|Israel, Alon Cellular Ltd (il, +972)
4252|Israel, Cellcom ltd. (il, +972)
4258|Israel, Golan Telekom (il, +972)
42515|Israel, Home Cellular Ltd (il, +972)
42577|Israel, Hot Mobile/Mirs (il, +972)
4257|Israel, Hot Mobile/Mirs (il, +972)
4251|Israel, Orange/Partner Co. Ltd. (il, +972)
4253|Israel, Pelephone (il, +972)
42512|Israel, Pelephone (il, +972)
42516|Israel, Rami Levy Hashikma Marketing Communications Ltd (il, +972)
42519|Israel, Telzar/AZI (il, +972)
22234|Italy, BT Italia SpA (it, +39)
2222|Italy, Elsacom (it, +39)
2228|Italy, Fastweb SpA (it, +39)
2220|Italy, Fix Line (it, +39)
22299|Italy, Hi3G (it, +39)
22277|Italy, IPSE 2000 (it, +39)
22235|Italy, Lycamobile Srl (it, +39)
2227|Italy, Noverca Italia Srl (it, +39)
22233|Italy, PosteMobile SpA (it, +39)
2220|Italy, Premium Number(s) (it, +39)
22230|Italy, RFI Rete Ferroviaria Italiana SpA (it, +39)
22248|Italy, Telecom Italia Mobile SpA (it, +39)
22243|Italy, Telecom Italia Mobile SpA (it, +39)
2221|Italy, TIM (it, +39)
22210|Italy, Vodafone (it, +39)
2226|Italy, Vodafone (it, +39)
2220|Italy, VOIP Line (it, +39)
22244|Italy, WIND (Blu) - (it, +39)
22288|Italy, WIND (Blu) - (it, +39)
6127|Ivory Coast, Aircomm SA (ci, +225)
6122|Ivory Coast, Atlantik Tel./Moov (ci, +225)
6124|Ivory Coast, Comium (ci, +225)
6121|Ivory Coast, Comstar (ci, +225)
6125|Ivory Coast, MTN (ci, +225)
6123|Ivory Coast, Orange (ci, +225)
6126|Ivory Coast, OriCell (ci, +225)
33820|Jamaica, Cable & Wireless (jm, +1876)
338110|Jamaica, Cable & Wireless (jm, +1876)
338180|Jamaica, Cable & Wireless (jm, +1876)
33850|Jamaica, DIGICEL/Mossel (jm, +1876)
4400|Japan, Y-Mobile (jp, +81)
44055|Japan, KDDI Corporation (jp, +81)
44050|Japan, KDDI Corporation (jp, +81)
44088|Japan, KDDI Corporation (jp, +81)
44074|Japan, KDDI Corporation (jp, +81)
44070|Japan, KDDI Corporation (jp, +81)
44051|Japan, KDDI Corporation (jp, +81)
44089|Japan, KDDI Corporation (jp, +81)
44075|Japan, KDDI Corporation (jp, +81)
44056|Japan, KDDI Corporation (jp, +81)
44052|Japan, KDDI Corporation (jp, +81)
44170|Japan, KDDI Corporation (jp, +81)
44076|Japan, KDDI Corporation (jp, +81)
44071|Japan, KDDI Corporation (jp, +81)
44053|Japan, KDDI Corporation (jp, +81)
4408|Japan, KDDI Corporation (jp, +81)
44077|Japan, KDDI Corporation (jp, +81)
44072|Japan, KDDI Corporation (jp, +81)
44054|Japan, KDDI Corporation (jp, +81)
4407|Japan, KDDI Corporation (jp, +81)
44079|Japan, KDDI Corporation (jp, +81)
44073|Japan, KDDI Corporation (jp, +81)
44032|Japan, NTT Docomo (jp, +81)
44061|Japan, NTT Docomo (jp, +81)
44018|Japan, NTT Docomo (jp, +81)
44191|Japan, NTT Docomo (jp, +81)
44193|Japan, NTT Docomo (jp, +81)
44140|Japan, NTT Docomo (jp, +81)
44066|Japan, NTT Docomo (jp, +81)
44035|Japan, NTT Docomo (jp, +81)
44029|Japan, NTT Docomo (jp, +81)
4409|Japan, NTT Docomo (jp, +81)
44049|Japan, NTT Docomo (jp, +81)
44033|Japan, NTT Docomo (jp, +81)
44060|Japan, NTT Docomo (jp, +81)
44019|Japan, NTT Docomo (jp, +81)
44190|Japan, NTT Docomo (jp, +81)
44141|Japan, NTT Docomo (jp, +81)
44067|Japan, NTT Docomo (jp, +81)
44014|Japan, NTT Docomo (jp, +81)
44194|Japan, NTT Docomo (jp, +81)
44030|Japan, NTT Docomo (jp, +81)
44010|Japan, NTT Docomo (jp, +81)
44062|Japan, NTT Docomo (jp, +81)
44039|Japan, NTT Docomo (jp, +81)
44024|Japan, NTT Docomo (jp, +81)
44145|Japan, NTT Docomo (jp, +81)
44142|Japan, NTT Docomo (jp, +81)
44068|Japan, NTT Docomo (jp, +81)
44015|Japan, NTT Docomo (jp, +81)
44198|Japan, NTT Docomo (jp, +81)
44026|Japan, NTT Docomo (jp, +81)
44011|Japan, NTT Docomo (jp, +81)
44063|Japan, NTT Docomo (jp, +81)
44038|Japan, NTT Docomo (jp, +81)
44013|Japan, NTT Docomo (jp, +81)
44023|Japan, NTT Docomo (jp, +81)
44021|Japan, NTT Docomo (jp, +81)
4401|Japan, NTT Docomo (jp, +81)
44144|Japan, NTT Docomo (jp, +81)
44034|Japan, NTT Docomo (jp, +81)
44069|Japan, NTT Docomo (jp, +81)
44016|Japan, NTT Docomo (jp, +81)
44199|Japan, NTT Docomo (jp, +81)
44025|Japan, NTT Docomo (jp, +81)
44064|Japan, NTT Docomo (jp, +81)
44037|Japan, NTT Docomo (jp, +81)
44027|Japan, NTT Docomo (jp, +81)
4402|Japan, NTT Docomo (jp, +81)
44022|Japan, NTT Docomo (jp, +81)
44143|Japan, NTT Docomo (jp, +81)
44031|Japan, NTT Docomo (jp, +81)
44087|Japan, NTT Docomo (jp, +81)
44017|Japan, NTT Docomo (jp, +81)
44192|Japan, NTT Docomo (jp, +81)
44065|Japan, NTT Docomo (jp, +81)
44036|Japan, NTT Docomo (jp, +81)
44028|Japan, NTT Docomo (jp, +81)
4403|Japan, NTT Docomo (jp, +81)
44012|Japan, NTT Docomo (jp, +81)
44058|Japan, NTT Docomo (jp, +81)
44099|Japan, NTT Docomo (jp, +81)
44078|Japan, Okinawa Cellular Telephone (jp, +81)
44043|Japan, SoftBank Mobile Corp (jp, +81)
44093|Japan, SoftBank Mobile Corp (jp, +81)
44048|Japan, SoftBank Mobile Corp (jp, +81)
4406|Japan, SoftBank Mobile Corp (jp, +81)
44161|Japan, SoftBank Mobile Corp (jp, +81)
44044|Japan, SoftBank Mobile Corp (jp, +81)
44094|Japan, SoftBank Mobile Corp (jp, +81)
4404|Japan, SoftBank Mobile Corp (jp, +81)
44162|Japan, SoftBank Mobile Corp (jp, +81)
44045|Japan, SoftBank Mobile Corp (jp, +81)
44020|Japan, SoftBank Mobile Corp (jp, +81)
44096|Japan, SoftBank Mobile Corp (jp, +81)
44040|Japan, SoftBank Mobile Corp (jp, +81)
44163|Japan, SoftBank Mobile Corp (jp, +81)
44047|Japan, SoftBank Mobile Corp (jp, +81)
44095|Japan, SoftBank Mobile Corp (jp, +81)
44041|Japan, SoftBank Mobile Corp (jp, +81)
44164|Japan, SoftBank Mobile Corp (jp, +81)
44046|Japan, SoftBank Mobile Corp (jp, +81)
44097|Japan, SoftBank Mobile Corp (jp, +81)
44042|Japan, SoftBank Mobile Corp (jp, +81)
44090|Japan, SoftBank Mobile Corp (jp, +81)
44165|Japan, SoftBank Mobile Corp (jp, +81)
44092|Japan, SoftBank Mobile Corp (jp, +81)
44098|Japan, SoftBank Mobile Corp (jp, +81)
44085|Japan, KDDI Corporation (jp, +81)
44083|Japan, KDDI Corporation (jp, +81)
44080|Japan, KDDI Corporation (jp, +81)
44086|Japan, KDDI Corporation (jp, +81)
44081|Japan, KDDI Corporation (jp, +81)
44084|Japan, KDDI Corporation (jp, +81)
44082|Japan, KDDI Corporation (jp, +81)
41677|Jordan, Orange/Petra (jo, +962)
4163|Jordan, Umniah Mobile Co. (jo, +962)
4162|Jordan, Xpress (jo, +962)
4161|Jordan, ZAIN /J.M.T.S (jo, +962)
4011|Kazakhstan, Beeline/KaR-Tel LLP (kz, +7)
4017|Kazakhstan, Dalacom/Altel (kz, +7)
4012|Kazakhstan, K-Cell (kz, +7)
40177|Kazakhstan, Tele2/NEO/MTS (kz, +7)
6395|Kenya, Econet Wireless (ke, +254)
6397|Kenya, Orange (ke, +254)
6392|Kenya, Safaricom Ltd. (ke, +254)
6393|Kenya, Airtel/Zain/Celtel Ltd. (ke, +254)
5459|Kiribati, Kiribati Frigate (ki, +686)
467193|Korea N., Dem. People's Rep., Sun Net (kp, +850)
4502|Korea S, Republic of, KT Freetel Co. Ltd. (kr, +82)
4504|Korea S, Republic of, KT Freetel Co. Ltd. (kr, +82)
4508|Korea S, Republic of, KT Freetel Co. Ltd. (kr, +82)
4506|Korea S, Republic of, LG Telecom (kr, +82)
4503|Korea S, Republic of, SK Telecom (kr, +82)
4505|Korea S, Republic of, SK Telecom Co. Ltd (kr, +82)
4194|Kuwait, Viva (kw, +965)
4193|Kuwait, Wataniya (kw, +965)
4192|Kuwait, Zain (kw, +965)
4373|Kyrgyzstan, AkTel LLC (kg, +996)
4371|Kyrgyzstan, Beeline/Bitel (kg, +996)
4375|Kyrgyzstan, MEGACOM (kg, +996)
4379|Kyrgyzstan, O!/NUR Telecom (kg, +996)
4572|Laos P.D.R., ETL Mobile (la, +856)
4571|Laos P.D.R., Lao Tel (la, +856)
4578|Laos P.D.R., Beeline/Tigo/Millicom (la, +856)
4573|Laos P.D.R., UNITEL/LAT (la, +856)
2475|Latvia, Bite (lv, +371)
2471|Latvia, Latvian Mobile Phone (lv, +371)
2479|Latvia, SIA Camel Mobile (lv, +371)
2478|Latvia, SIA IZZI (lv, +371)
2477|Latvia, SIA Master Telecom (lv, +371)
2476|Latvia, SIA Rigatta (lv, +371)
2472|Latvia, Tele2 (lv, +371)
2473|Latvia, TRIATEL/Telekom Baltija (lv, +371)
41535|Lebanon, Cellis (lb, +961)
41533|Lebanon, Cellis (lb, +961)
41532|Lebanon, Cellis (lb, +961)
41534|Lebanon, FTML Cellis (lb, +961)
41539|Lebanon, MIC2/LibanCell/MTC (lb, +961)
41538|Lebanon, MIC2/LibanCell/MTC (lb, +961)
41537|Lebanon, MIC2/LibanCell/MTC (lb, +961)
4151|Lebanon, MIC1 (Alfa) (lb, +961)
4153|Lebanon, MIC2/LibanCell/MTC (lb, +961)
41536|Lebanon, MIC2/LibanCell/MTC (lb, +961)
6512|Lesotho, Econet/Ezi-cel (ls, +266)
6511|Lesotho, Vodacom Lesotho (ls, +266)
6187|Liberia, CELLCOM (lr, +231)
6184|Liberia, Comium BVI (lr, +231)
6182|Liberia, Libercell (lr, +231)
61820|Liberia, LibTelco (lr, +231)
6181|Liberia, Lonestar (lr, +231)
6062|Libya, Al-Madar (ly, +218)
6061|Libya, Al-Madar (ly, +218)
6066|Libya, Hatef (ly, +218)
6060|Libya, Libyana (ly, +218)
6063|Libya, Libyana (ly, +218)
2956|Liechtenstein, CUBIC (Liechtenstein (li, +423)
2957|Liechtenstein, First Mobile AG (li, +423)
2952|Liechtenstein, Orange (li, +423)
2951|Liechtenstein, Swisscom FL AG (li, +423)
29577|Liechtenstein, Alpmobile/Tele2 (li, +423)
2955|Liechtenstein, Telecom FL1 AG (li, +423)
2462|Lithuania, Bite (lt, +370)
2461|Lithuania, Omnitel (lt, +370)
2463|Lithuania, Tele2 (lt, +370)
27077|Luxembourg, Millicom Tango GSM (lu, +352)
2701|Luxembourg, P+T/Post LUXGSM (lu, +352)
27099|Luxembourg, Orange/VOXmobile S.A. (lu, +352)
4554|Macao, China, C.T.M. TELEMOVEL+ (mo, +853)
4551|Macao, China, C.T.M. TELEMOVEL+ (mo, +853)
4552|Macao, China, China Telecom (mo, +853)
4555|Macao, China, Hutchison Telephone Co. Ltd (mo, +853)
4553|Macao, China, Hutchison Telephone Co. Ltd (mo, +853)
4556|Macao, China, Smartone Mobile (mo, +853)
4550|Macao, China, Smartone Mobile (mo, +853)
29475|Macedonia, ONE/Cosmofone (mk, +389)
2942|Macedonia, ONE/Cosmofone (mk, +389)
2941|Macedonia, T-Mobile/Mobimak (mk, +389)
2943|Macedonia, VIP Mobile (mk, +389)
6461|Madagascar, Airtel/MADACOM (mg, +261)
6462|Madagascar, Orange/Soci (mg, +261)
6463|Madagascar, Sacel (mg, +261)
6464|Madagascar, Telma (mg, +261)
6501|Malawi, TNM/Telekom Network Ltd. (mw, +265)
65010|Malawi, Airtel/Zain/Celtel ltd. (mw, +265)
5021|Malaysia, Art900 (my, +60)
502151|Malaysia, Baraka Telecom Sdn Bhd (my, +60)
50219|Malaysia, CelCom (my, +60)
50213|Malaysia, CelCom (my, +60)
502198|Malaysia, CelCom (my, +60)
50210|Malaysia, Digi Telecommunications (my, +60)
50216|Malaysia, Digi Telecommunications (my, +60)
50220|Malaysia, Electcoms Wireless Sdn Bhd (my, +60)
50217|Malaysia, Maxis (my, +60)
50212|Malaysia, Maxis (my, +60)
50211|Malaysia, MTX Utara (my, +60)
502153|Malaysia, Webe/Packet One Networks (Malaysia) Sdn Bhd (my, +60)
502155|Malaysia, Samata Communications Sdn Bhd (my, +60)
502154|Malaysia, Tron/Talk Focus Sdn Bhd (my, +60)
50218|Malaysia, U Mobile (my, +60)
502195|Malaysia, XOX Com Sdn Bhd (my, +60)
502152|Malaysia, YES (my, +60)
4721|Maldives, Dhiraagu/C&W (mv, +960)
4722|Maldives, Ooredo/Wataniya (mv, +960)
6101|Mali, Malitel (ml, +223)
6102|Mali, Orange/IKATEL (ml, +223)
27821|Malta, GO Mobile (mt, +356)
27877|Malta, Melita (mt, +356)
2781|Malta, Vodafone (mt, +356)
34012|Martinique (French Department of), UTS Caraibe (mq, +596)
6092|Mauritania, Chinguitel SA (mr, +222)
6091|Mauritania, Mattel (mr, +222)
60910|Mauritania, Mauritel (mr, +222)
61710|Mauritius, Emtel Ltd (mu, +230)
6172|Mauritius, Mahanagar Telephone (mu, +230)
6173|Mauritius, Mahanagar Telephone (mu, +230)
6171|Mauritius, Orange/Cellplus (mu, +230)
33450|Mexico, AT&T/IUSACell (mx, +52)
33450|Mexico, AT&T/IUSACell (mx, +52)
33440|Mexico, AT&T/IUSACell (mx, +52)
3344|Mexico, AT&T/IUSACell (mx, +52)
33430|Mexico, Movistar/Pegaso (mx, +52)
3343|Mexico, Movistar/Pegaso (mx, +52)
33490|Mexico, NEXTEL (mx, +52)
33410|Mexico, NEXTEL (mx, +52)
3349|Mexico, NEXTEL (mx, +52)
3341|Mexico, NEXTEL (mx, +52)
33480|Mexico, Operadora Unefon SA de CV (mx, +52)
33470|Mexico, Operadora Unefon SA de CV (mx, +52)
33460|Mexico, SAI PCS (mx, +52)
3342|Mexico, TelCel/America Movil (mx, +52)
33420|Mexico, TelCel/America Movil (mx, +52)
5501|Micronesia, FSM Telecom (fm, +691)
2594|Moldova, Eventis Mobile (md, +373)
2593|Moldova, IDC/Unite (md, +373)
25999|Moldova, IDC/Unite (md, +373)
2595|Moldova, IDC/Unite (md, +373)
2592|Moldova, Moldcell (md, +373)
2591|Moldova, Orange/Voxtel (md, +373)
21210|Monaco, Monaco Telecom (mc, +377)
2121|Monaco, Monaco Telecom (mc, +377)
42898|Mongolia, G-Mobile Corporation Ltd (mn, +976)
42899|Mongolia, Mobicom (mn, +976)
42891|Mongolia, Skytel Co. Ltd (mn, +976)
4280|Mongolia, Skytel Co. Ltd (mn, +976)
42888|Mongolia, Unitel (mn, +976)
2972|Montenegro, Monet/T-mobile (me, +382)
2973|Montenegro, Mtel (me, +382)
2971|Montenegro, Telenor/Promonte GSM (me, +382)
354860|Montserrat, Cable & Wireless (ms, +1664)
6041|Morocco, IAM/Itissallat (ma, +212)
6042|Morocco, INWI/WANA (ma, +212)
6040|Morocco, Medi Telecom (ma, +212)
6431|Mozambique, mCel (mz, +258)
6433|Mozambique, Movitel (mz, +258)
6434|Mozambique, Vodacom (mz, +258)
4141|Myanmar (Burma), Myanmar Post & Teleco. (mm, +95)
4145|Myanmar (Burma), Oreedoo (mm, +95)
4146|Myanmar (Burma), Telenor (mm, +95)
6493|Namibia, Leo / Orascom (na, +264)
6491|Namibia, MTC (na, +264)
6492|Namibia, Switch/Nam. Telec. (na, +264)
4292|Nepal, Ncell (np, +977)
4291|Nepal, NT Mobile / Namaste (np, +977)
4294|Nepal, Smart Cell (np, +977)
20414|Netherlands, 6GMOBILE BV (nl, +31)
20423|Netherlands, Aspider Solutions (nl, +31)
2045|Netherlands, Elephant Talk Communications Premium Rate Services Netherlands BV (nl, +31)
20417|Netherlands, Intercity Mobile Communications BV (nl, +31)
2048|Netherlands, KPN Telecom B.V. (nl, +31)
20469|Netherlands, KPN Telecom B.V. (nl, +31)
20410|Netherlands, KPN Telecom B.V. (nl, +31)
20412|Netherlands, KPN/Telfort (nl, +31)
20428|Netherlands, Lancelot BV (nl, +31)
2049|Netherlands, Lycamobile Ltd (nl, +31)
2046|Netherlands, Mundio/Vectone Mobile (nl, +31)
20421|Netherlands, NS Railinfrabeheer B.V. (nl, +31)
20424|Netherlands, Private Mobility Nederland BV (nl, +31)
20498|Netherlands, T-Mobile B.V. (nl, +31)
20416|Netherlands, T-Mobile B.V. (nl, +31)
20420|Netherlands, T-mobile/former Orange (nl, +31)
2042|Netherlands, Tele2 (nl, +31)
2047|Netherlands, Teleena Holding BV (nl, +31)
20468|Netherlands, Unify Mobile (nl, +31)
20418|Netherlands, UPC Nederland BV (nl, +31)
2044|Netherlands, Vodafone Libertel (nl, +31)
2043|Netherlands, Voiceworks Mobile BV (nl, +31)
20415|Netherlands, Ziggo BV (nl, +31)
362630|Netherlands Antilles, Cingular Wireless (an, +599)
36251|Netherlands Antilles, TELCELL GSM (an, +599)
36291|Netherlands Antilles, SETEL GSM (an, +599)
362951|Netherlands Antilles, UTS Wireless (an, +599)
5461|New Caledonia, OPT Mobilis (nc, +687)
53028|New Zealand, 2degrees (nz, +64)
5305|New Zealand, Spark/NZ Telecom (nz, +64)
5302|New Zealand, Spark/NZ Telecom (nz, +64)
5304|New Zealand, Telstra (nz, +64)
53024|New Zealand, Two Degrees Mobile Ltd (nz, +64)
5301|New Zealand, Vodafone (nz, +64)
5303|New Zealand, Walker Wireless Ltd. (nz, +64)
71021|Nicaragua, Empresa Nicaraguense de Telecomunicaciones SA (ENITEL) (ni, +505)
71030|Nicaragua, Movistar (ni, +505)
71073|Nicaragua, Claro (ni, +505)
6143|Niger, MOOV/TeleCel (ne, +227)
6144|Niger, Orange/Sahelc. (ne, +227)
6141|Niger, Orange/Sahelc. (ne, +227)
6142|Niger, Airtel/Zain/CelTel (ne, +227)
62120|Nigeria, Airtel/ZAIN/Econet (ng, +234)
62160|Nigeria, ETISALAT (ng, +234)
62150|Nigeria, Glo Mobile (ng, +234)
62140|Nigeria, M-Tel/Nigeria Telecom. Ltd. (ng, +234)
62130|Nigeria, MTN (ng, +234)
62199|Nigeria, Starcomms (ng, +234)
62125|Nigeria, Visafone (ng, +234)
6211|Nigeria, Visafone (ng, +234)
5551|Niue, Niue Telecom (nu, +683)
2429|Norway, Com4 AS (no, +47)
24214|Norway, ICE Nordisk Mobiltelefon AS (no, +47)
24221|Norway, Jernbaneverket (GSM-R) (no, +47)
24220|Norway, Jernbaneverket (GSM-R) (no, +47)
24223|Norway, Lycamobile Ltd (no, +47)
2422|Norway, Netcom (no, +47)
24222|Norway, Network Norway AS (no, +47)
2425|Norway, Network Norway AS (no, +47)
2426|Norway, ICE Nordisk Mobiltelefon AS (no, +47)
2428|Norway, TDC Mobil A/S (no, +47)
2424|Norway, Tele2 (no, +47)
24212|Norway, Telenor (no, +47)
2421|Norway, Telenor (no, +47)
2423|Norway, Teletopia (no, +47)
2427|Norway, Ventelo AS (no, +47)
24217|Norway, Ventelo AS (no, +47)
4223|Oman, Nawras (om, +968)
4222|Oman, Oman Mobile/GTO (om, +968)
4108|Pakistan, Instaphone (pk, +92)
4101|Pakistan, Mobilink (pk, +92)
4106|Pakistan, Telenor (pk, +92)
4103|Pakistan, UFONE/PAKTel (pk, +92)
4107|Pakistan, Warid Telecom (pk, +92)
4104|Pakistan, ZONG/CMPak (pk, +92)
55280|Palau (Republic of), Palau Mobile Corp. (PMC) (Palau (pw, +680)
5521|Palau (Republic of), Palau National Communications Corp. (PNCC) (Palau (pw, +680)
4255|Palestinian Territory, Jawwal (ps, +970)
4256|Palestinian Territory, Wataniya Mobile (ps, +970)
7141|Panama, Cable & W./Mas Movil (pa, +507)
7143|Panama, Claro (pa, +507)
7144|Panama, Digicel (pa, +507)
71420|Panama, Movistar (pa, +507)
7142|Panama, Movistar (pa, +507)
5373|Papua New Guinea, Digicel (pg, +675)
5372|Papua New Guinea, GreenCom PNG Ltd (pg, +675)
5371|Papua New Guinea, Pacific Mobile (pg, +675)
7442|Paraguay, Claro/Hutchison (py, +595)
7443|Paraguay, Compa (py, +595)
7441|Paraguay, Hola/VOX (py, +595)
7445|Paraguay, TIM/Nucleo/Personal (py, +595)
7444|Paraguay, Tigo/Telecel (py, +595)
71620|Peru, Claro /Amer.Mov./TIM (pe, +51)
71610|Peru, Claro /Amer.Mov./TIM (pe, +51)
7162|Peru, GlobalStar (pe, +51)
7161|Peru, GlobalStar (pe, +51)
7166|Peru, Movistar (pe, +51)
71617|Peru, Nextel (pe, +51)
7167|Peru, Nextel (pe, +51)
71615|Peru, Viettel Mobile (pe, +51)
5150|Philippines, Fix Line (ph, +63)
5151|Philippines, Globe Telecom (ph, +63)
5152|Philippines, Globe Telecom (ph, +63)
51588|Philippines, Next Mobile (ph, +63)
51518|Philippines, RED Mobile/Cure (ph, +63)
5153|Philippines, Smart (ph, +63)
5155|Philippines, SUN/Digitel (ph, +63)
26017|Poland, Aero2 SP. (pl, +48)
26018|Poland, AMD Telecom. (pl, +48)
26038|Poland, CallFreedom Sp. z o.o. (pl, +48)
26012|Poland, Cyfrowy POLSAT S.A. (pl, +48)
2608|Poland, e-Telko (pl, +48)
2609|Poland, Lycamobile (pl, +48)
26016|Poland, Mobyland (pl, +48)
26036|Poland, Mundio Mobile Sp. z o.o. (pl, +48)
2607|Poland, Play/P4 (pl, +48)
26011|Poland, NORDISK Polska (pl, +48)
2605|Poland, Orange/IDEA/Centertel (pl, +48)
2603|Poland, Orange/IDEA/Centertel (pl, +48)
26035|Poland, PKP Polskie Linie Kolejowe S.A. (pl, +48)
26098|Poland, Play/P4 (pl, +48)
2606|Poland, Play/P4 (pl, +48)
2601|Poland, Polkomtel/Plus (pl, +48)
26013|Poland, Sferia (pl, +48)
26014|Poland, Sferia (pl, +48)
26010|Poland, Sferia (pl, +48)
26034|Poland, T-Mobile/ERA (pl, +48)
2602|Poland, T-Mobile/ERA (pl, +48)
2604|Poland, Tele2 (pl, +48)
26015|Poland, Tele2 (pl, +48)
2684|Portugal, Lycamobile (pt, +351)
2687|Portugal, NOS/Optimus (pt, +351)
2683|Portugal, NOS/Optimus (pt, +351)
2686|Portugal, MEO/TMN (pt, +351)
2681|Portugal, Vodafone (pt, +351)
330110|Puerto Rico, Puerto Rico Telephone Company Inc. (PRTC) (pr, +)
33011|Puerto Rico, Puerto Rico Telephone Company Inc. (PRTC) (pr, +)
4271|Qatar, Ooredoo/Qtel (qa, +974)
4272|Qatar, Vodafone (qa, +974)
6470|Reunion, Orange (re, +262)
6472|Reunion, Outremer Telecom (re, +262)
64710|Reunion, SFR (re, +262)
2263|Romania, Cosmote (ro, +40)
22611|Romania, Enigma Systems (ro, +40)
22616|Romania, Lycamobile (ro, +40)
22610|Romania, Orange (ro, +40)
2265|Romania, RCS&RDS Digi Mobile (ro, +40)
2262|Romania, Romtelecom SA (ro, +40)
2266|Romania, Telemobil/Zapp (ro, +40)
2261|Romania, Vodafone (ro, +40)
2264|Romania, Telemobil/Zapp (ro, +40)
25012|Russian Federation, Baykal Westcom (ru, +79)
25028|Russian Federation, BeeLine/VimpelCom (ru, +79)
25010|Russian Federation, DTC/Don Telecom (ru, +79)
25013|Russian Federation, Kuban GSM (ru, +79)
25035|Russian Federation, MOTIV/LLC Ekaterinburg-2000 (ru, +79)
2502|Russian Federation, Megafon (ru, +79)
2501|Russian Federation, MTS (ru, +79)
2503|Russian Federation, NCC (ru, +79)
25016|Russian Federation, NTC (ru, +79)
25019|Russian Federation, OJSC Altaysvyaz (ru, +79)
25011|Russian Federation, Orensot (ru, +79)
25092|Russian Federation, Printelefone (ru, +79)
2504|Russian Federation, Sibchallenge (ru, +79)
25044|Russian Federation, StavTelesot (ru, +79)
25020|Russian Federation, Tele2/ECC/Volgogr. (ru, +79)
25093|Russian Federation, Telecom XXL (ru, +79)
25039|Russian Federation, UralTel (ru, +79)
25017|Russian Federation, UralTel (ru, +79)
25099|Russian Federation, BeeLine/VimpelCom (ru, +79)
2505|Russian Federation, Yenisey Telecom (ru, +79)
25015|Russian Federation, ZAO SMARTS (ru, +79)
2507|Russian Federation, ZAO SMARTS (ru, +79)
63514|Rwanda, Airtel (rw, +250)
63510|Rwanda, MTN/Rwandacell (rw, +250)
63513|Rwanda, TIGO (rw, +250)
356110|Saint Kitts and Nevis, Cable & Wireless (kn, +1869)
35650|Saint Kitts and Nevis, Digicel (kn, +1869)
35670|Saint Kitts and Nevis, UTS Cariglobe (kn, +1869)
358110|Saint Lucia, Cable & Wireless (lc, +1758)
35830|Saint Lucia, Cingular Wireless (lc, +1758)
35850|Saint Lucia, Digicel (St Lucia) Limited (lc, +1758)
54927|Samoa, Samoatel Mobile (ws, +685)
5491|Samoa, Telecom Samoa Cellular Ltd. (ws, +685)
2921|San Marino, Prima Telecom (sm, +378)
6261|Sao Tome & Principe, CSTmovel (st, +239)
90114|Satellite Networks, AeroMobile (n/a, +870)
90111|Satellite Networks, InMarSAT (n/a, +870)
90112|Satellite Networks, Maritime Communications Partner AS (n/a, +870)
9015|Satellite Networks, Thuraya Satellite (n/a, +870)
4207|Saudi Arabia, Zain (sa, +966)
4203|Saudi Arabia, Etihad/Etisalat/Mobily (sa, +966)
4206|Saudi Arabia, Lebara Mobile (sa, +966)
4201|Saudi Arabia, STC/Al Jawal (sa, +966)
4205|Saudi Arabia, Virgin Mobile (sa, +966)
4204|Saudi Arabia, Zain (sa, +966)
6083|Senegal, Expresso/Sudatel (sn, +221)
6081|Senegal, Orange/Sonatel (sn, +221)
6082|Senegal, TIGO/Sentel GSM (sn, +221)
2203|Serbia, MTS/Telekom Srbija (rs, +381)
2202|Serbia, Telenor/Mobtel (rs, +381)
2201|Serbia, Telenor/Mobtel (rs, +381)
2205|Serbia, VIP Mobile (rs, +381)
63310|Seychelles, Airtel (sc, +248)
6331|Seychelles, C&W (sc, +248)
6332|Seychelles, Smartcom (sc, +248)
6193|Sierra Leone, Africel (sl, +232)
6191|Sierra Leone, Airtel/Zain/Celtel (sl, +232)
6194|Sierra Leone, Comium (sl, +232)
6195|Sierra Leone, Africel (sl, +232)
6192|Sierra Leone, Tigo/Millicom (sl, +232)
61925|Sierra Leone, Mobitel (sl, +232)
52512|Singapore, GRID Communications Pte Ltd (sg, +65)
5253|Singapore, MobileOne Ltd (sg, +65)
5251|Singapore, Singtel (sg, +65)
5257|Singapore, Singtel (sg, +65)
5252|Singapore, Singtel (sg, +65)
5256|Singapore, Starhub (sg, +65)
5255|Singapore, Starhub (sg, +65)
2313|Slovakia, 4Ka (sk, +421)
2316|Slovakia, O2 (sk, +421)
2311|Slovakia, Orange (sk, +421)
2315|Slovakia, Orange (sk, +421)
23115|Slovakia, Orange (sk, +421)
2312|Slovakia, T-Mobile (sk, +421)
2314|Slovakia, T-Mobile (sk, +421)
23199|Slovakia, Zeleznice Slovenskej republiky (ZSR) (sk, +421)
29341|Slovenia, Mobitel (si, +386)
29340|Slovenia, SI.Mobil (si, +386)
29310|Slovenia, Slovenske zeleznice d.o.o. (si, +386)
29364|Slovenia, T-2 d.o.o. (si, +386)
29370|Slovenia, Telemach/TusMobil/VEGA (si, +386)
5402|Solomon Islands, bemobile (sb, +677)
54010|Solomon Islands, BREEZE (sb, +677)
5401|Solomon Islands, BREEZE (sb, +677)
63730|Somalia, Golis (so, +252)
63719|Somalia, HorTel (so, +252)
63760|Somalia, Nationlink (so, +252)
63710|Somalia, Nationlink (so, +252)
6374|Somalia, Somafone (so, +252)
63771|Somalia, Somtel (so, +252)
63782|Somalia, Somtel (so, +252)
6371|Somalia, Telesom (so, +252)
6552|South Africa, 8.ta (za, +27)
65521|South Africa, Cape Town Metropolitan (za, +27)
6557|South Africa, Cell C (za, +27)
65512|South Africa, MTN (za, +27)
65510|South Africa, MTN (za, +27)
6556|South Africa, Sentech (za, +27)
6551|South Africa, Vodacom (za, +27)
65519|South Africa, Wireless Business Solutions (Pty) Ltd (za, +27)
6593|South Sudan (Republic of), Gemtel Ltd (South Sudan (ss, +)
6592|South Sudan (Republic of), MTN South Sudan (South Sudan (ss, +)
6594|South Sudan (Republic of), Network of The World Ltd (NOW) (South Sudan (ss, +)
6596|South Sudan (Republic of), Zain South Sudan (South Sudan (ss, +)
21423|Spain, Lycamobile SL (es, +34)
21422|Spain, Digi Spain Telecom SL (es, +34)
21415|Spain, BT Espana SAU (es, +34)
21418|Spain, Cableuropa SAU (ONO) (es, +34)
2148|Spain, Euskaltel SA (es, +34)
21420|Spain, fonYou Wireless SL (es, +34)
21432|Spain, ION Mobile (es, +34)
21421|Spain, Jazz Telecom SAU (es, +34)
21426|Spain, Lleida (es, +34)
21425|Spain, Lycamobile SL (es, +34)
2147|Spain, Movistar (es, +34)
2145|Spain, Movistar (es, +34)
2149|Spain, Orange (es, +34)
2143|Spain, Orange (es, +34)
21411|Spain, Orange (es, +34)
21417|Spain, R Cable y Telec. Galicia SA (es, +34)
21419|Spain, Simyo/KPN (es, +34)
21416|Spain, Telecable de Asturias SA (es, +34)
21427|Spain, Truphone (es, +34)
2141|Spain, Vodafone (es, +34)
2146|Spain, Vodafone Enabler Espana SL (es, +34)
2144|Spain, Yoigo (es, +34)
4135|Sri Lanka, Airtel (lk, +94)
4133|Sri Lanka, Etisalat/Tigo (lk, +94)
4138|Sri Lanka, H3G Hutchison (lk, +94)
4131|Sri Lanka, Mobitel Ltd. (lk, +94)
4132|Sri Lanka, MTN/Dialog (lk, +94)
3081|St. Pierre & Miquelon, Ameris (pm, +508)
360110|St. Vincent & Gren., C & W (vc, +1784)
360100|St. Vincent & Gren., Cingular (vc, +1784)
36010|St. Vincent & Gren., Cingular (vc, +1784)
36050|St. Vincent & Gren., Digicel (vc, +1784)
36070|St. Vincent & Gren., Digicel (vc, +1784)
6340|Sudan, Canar Telecom (sd, +249)
63422|Sudan, MTN (sd, +249)
6342|Sudan, MTN (sd, +249)
6347|Sudan, Sudani One (sd, +249)
63415|Sudan, Sudani One (sd, +249)
6348|Sudan, Vivacell (sd, +249)
6345|Sudan, Vivacell (sd, +249)
6341|Sudan, ZAIN/Mobitel (sd, +249)
6346|Sudan, ZAIN/Mobitel (sd, +249)
7463|Suriname, Digicel (sr, +597)
7461|Suriname, Telesur (sr, +597)
7462|Suriname, Telecommunicatiebedrijf Suriname (TELESUR) (sr, +597)
7464|Suriname, UNIQA (sr, +597)
65310|Swaziland, Swazi MTN (sz, +268)
6531|Swaziland, SwaziTelecom (sz, +268)
24035|Sweden, 42 Telecom AB (se, +46)
24016|Sweden, 42 Telecom AB (se, +46)
24026|Sweden, Beepsend (se, +46)
24030|Sweden, NextGen Mobile Ltd (CardBoardFish) (se, +46)
24028|Sweden, CoolTEL Aps (se, +46)
24025|Sweden, Digitel Mobile Srl (se, +46)
24022|Sweden, Eu Tel AB (se, +46)
24027|Sweden, Fogg Mobile AB (se, +46)
24018|Sweden, Generic Mobile Systems Sweden AB (se, +46)
24017|Sweden, Gotalandsnatet AB (se, +46)
2404|Sweden, H3G Access AB (se, +46)
2402|Sweden, H3G Access AB (se, +46)
24036|Sweden, ID Mobile (se, +46)
24023|Sweden, Infobip Ltd. (se, +46)
24011|Sweden, Lindholmen Science Park AB (se, +46)
24012|Sweden, Lycamobile Ltd (se, +46)
24029|Sweden, Mercury International Carrier Services (se, +46)
24019|Sweden, Mundio Mobile (Sweden) Ltd (se, +46)
24010|Sweden, Spring Mobil AB (se, +46)
2405|Sweden, Svenska UMTS-N (se, +46)
24014|Sweden, TDC Sverige AB (se, +46)
2407|Sweden, Tele2 Sverige AB (se, +46)
24024|Sweden, Telenor (Vodafone) (se, +46)
2408|Sweden, Telenor (Vodafone) (se, +46)
2406|Sweden, Telenor (Vodafone) (se, +46)
2401|Sweden, Telia Mobile (se, +46)
24013|Sweden, Ventelo Sverige AB (se, +46)
24020|Sweden, Wireless Maingate AB (se, +46)
24015|Sweden, Wireless Maingate Nordic AB (se, +46)
22851|Switzerland, BebbiCell AG (ch, +41)
2285|Switzerland, Comfone AG (ch, +41)
2289|Switzerland, Comfone AG (ch, +41)
2287|Switzerland, TDC Sunrise (ch, +41)
22854|Switzerland, Lycamobile AG (ch, +41)
22852|Switzerland, Mundio Mobile AG (ch, +41)
2283|Switzerland, Salt/Orange (ch, +41)
2281|Switzerland, Swisscom (ch, +41)
22812|Switzerland, TDC Sunrise (ch, +41)
2282|Switzerland, TDC Sunrise (ch, +41)
2288|Switzerland, TDC Sunrise (ch, +41)
22853|Switzerland, upc cablecom GmbH (ch, +41)
4172|Syrian Arab Republic, MTN/Spacetel (sy, +963)
4179|Syrian Arab Republic, Syriatel Holdings (sy, +963)
4171|Syrian Arab Republic, Syriatel Holdings (sy, +963)
46668|Taiwan, ACeS Taiwan - ACeS Taiwan Telecommunications Co Ltd (tw, +886)
4665|Taiwan, Asia Pacific Telecom Co. Ltd (APT) (tw, +886)
46692|Taiwan, Chunghwa Telecom LDM (tw, +886)
46611|Taiwan, Chunghwa Telecom LDM (tw, +886)
4662|Taiwan, Far EasTone (tw, +886)
4667|Taiwan, Far EasTone (tw, +886)
4661|Taiwan, Far EasTone (tw, +886)
4666|Taiwan, Far EasTone (tw, +886)
4663|Taiwan, Far EasTone (tw, +886)
46610|Taiwan, Global Mobile Corp. (tw, +886)
46656|Taiwan, International Telecom Co. Ltd (FITEL) (tw, +886)
46688|Taiwan, KG Telecom (tw, +886)
46699|Taiwan, TransAsia (tw, +886)
46697|Taiwan, Taiwan Cellular (tw, +886)
46693|Taiwan, Mobitai (tw, +886)
46689|Taiwan, T-Star/VIBO (tw, +886)
4669|Taiwan, VMAX Telecom Co. Ltd (tw, +886)
4364|Tajikistan, Babilon-M (tk, +992)
4365|Tajikistan, Bee Line (tk, +992)
4362|Tajikistan, CJSC Indigo Tajikistan (tk, +992)
43612|Tajikistan, Tcell/JC Somoncom (tk, +992)
4363|Tajikistan, MLT/TT mobile (tk, +992)
4361|Tajikistan, Tcell/JC Somoncom (tk, +992)
6408|Tanzania, Benson Informatics Ltd (tz, +255)
6406|Tanzania, Dovetel (T) Ltd (tz, +255)
6409|Tanzania, Halotel/Viettel Ltd (tz, +255)
64011|Tanzania, Smile Communications Tanzania Ltd (tz, +255)
6407|Tanzania, Tanzania Telecommunications Company Ltd (TTCL) (tz, +255)
6402|Tanzania, TIGO/MIC (tz, +255)
6401|Tanzania, Tri Telecomm. Ltd. (tz, +255)
6404|Tanzania, Vodacom Ltd (tz, +255)
6405|Tanzania, Airtel/ZAIN/Celtel (tz, +255)
6403|Tanzania, Zantel/Zanzibar Telecom (tz, +255)
52020|Thailand, ACeS Thailand - ACeS Regional Services Co Ltd (th, +66)
52015|Thailand, ACT Mobile (th, +66)
5203|Thailand, Advanced Wireless Networks/AWN (th, +66)
5201|Thailand, AIS/Advanced Info Service (th, +66)
52023|Thailand, Digital Phone Co. (th, +66)
5200|Thailand, Hutch/CAT CDMA (th, +66)
52018|Thailand, Total Access (DTAC) (th, +66)
5205|Thailand, Total Access (DTAC) (th, +66)
5204|Thailand, True Move/Orange (th, +66)
52099|Thailand, True Move/Orange (th, +66)
5141|Timor-Leste, Telin/ Telkomcel (tp, +670)
5142|Timor-Leste, Timor Telecom (tp, +670)
6152|Togo, Telecel/MOOV (tg, +228)
6153|Togo, Telecel/MOOV (tg, +228)
6151|Togo, Togo Telecom/TogoCELL (tg, +228)
53943|Tonga, Shoreline Communication (to, +676)
5391|Tonga, Tonga Communications (to, +676)
37412|Trinidad and Tobago, Bmobile/TSTT (tt, +1868)
374120|Trinidad and Tobago, Bmobile/TSTT (tt, +1868)
374130|Trinidad and Tobago, Digicel (tt, +1868)
374140|Trinidad and Tobago, LaqTel Ltd. (tt, +1868)
6051|Tunisia, Orange (tn, +216)
6053|Tunisia, Oreedo/Orascom (tn, +216)
6056|Tunisia, TuniCell/Tunisia Telecom (tn, +216)
6052|Tunisia, TuniCell/Tunisia Telecom (tn, +216)
2863|Turkey, AVEA/Aria (tr, +90)
2864|Turkey, AVEA/Aria (tr, +90)
2861|Turkey, Turkcell (tr, +90)
2862|Turkey, Vodafone-Telsim (tr, +90)
4381|Turkmenistan, MTS/Barash Communication (tm, +993)
4382|Turkmenistan, Altyn Asyr/TM-Cell (tm, +993)
376350|Turks and Caicos Islands, Cable & Wireless (TCI) Ltd (tc, +)
37650|Turks and Caicos Islands, Digicel TCI Ltd (tc, +)
376352|Turks and Caicos Islands, IslandCom Communications Ltd. (tc, +)
5531|Tuvalu, Tuvalu Telecommunication Corporation (TTC) (tv, +)
6411|Uganda, Airtel/Celtel (ug, +256)
64166|Uganda, i-Tel Ltd (ug, +256)
64130|Uganda, K2 Telecom Ltd (ug, +256)
64110|Uganda, MTN Ltd. (ug, +256)
64114|Uganda, Orange (ug, +256)
64133|Uganda, Smile Communications Uganda Ltd (ug, +256)
64118|Uganda, Suretelecom Uganda Ltd (ug, +256)
64111|Uganda, Uganda Telecom Ltd. (ug, +256)
64122|Uganda, Airtel/Warid (ug, +256)
2556|Ukraine, Astelit/LIFE (ua, +380)
2555|Ukraine, Golden Telecom (ua, +380)
25539|Ukraine, Golden Telecom (ua, +380)
2554|Ukraine, Intertelecom Ltd (IT) (ua, +380)
25567|Ukraine, KyivStar (ua, +380)
2553|Ukraine, KyivStar (ua, +380)
25521|Ukraine, Telesystems Of Ukraine CJSC (TSU) (ua, +380)
2557|Ukraine, TriMob LLC (ua, +380)
25550|Ukraine, UMC/MTS (ua, +380)
2552|Ukraine, Beeline (ua, +380)
2551|Ukraine, UMC/MTS (ua, +380)
25568|Ukraine, Beeline (ua, +380)
4243|United Arab Emirates, DU (ae, +971)
4312|United Arab Emirates, Etisalat (ae, +971)
4302|United Arab Emirates, Etisalat (ae, +971)
4242|United Arab Emirates, Etisalat (ae, +971)
2343|United Kingdom, Airtel/Vodafone (gb, +44)
23477|United Kingdom, BT Group (gb, +44)
23476|United Kingdom, BT Group (gb, +44)
2347|United Kingdom, Cable and Wireless (gb, +44)
23492|United Kingdom, Cable and Wireless (gb, +44)
23436|United Kingdom, Cable and Wireless Isle of Man (gb, +44)
23418|United Kingdom, Cloud9/wire9 Tel. (gb, +44)
2352|United Kingdom, Everyth. Ev.wh. (gb, +44)
23417|United Kingdom, FlexTel (gb, +44)
23455|United Kingdom, Guernsey Telecoms (gb, +44)
23414|United Kingdom, HaySystems (gb, +44)
23420|United Kingdom, H3G Hutchinson (gb, +44)
23494|United Kingdom, H3G Hutchinson (gb, +44)
23475|United Kingdom, Inquam Telecom Ltd (gb, +44)
23450|United Kingdom, Jersey Telecom (gb, +44)
23435|United Kingdom, JSC Ingenicum (gb, +44)
23426|United Kingdom, Lycamobile (gb, +44)
23458|United Kingdom, Manx Telecom (gb, +44)
2341|United Kingdom, Mapesbury C. Ltd (gb, +44)
23428|United Kingdom, Marthon Telecom (gb, +44)
23410|United Kingdom, O2 Ltd. (gb, +44)
2342|United Kingdom, O2 Ltd. (gb, +44)
23411|United Kingdom, O2 Ltd. (gb, +44)
2348|United Kingdom, OnePhone (gb, +44)
23416|United Kingdom, Opal Telecom (gb, +44)
23433|United Kingdom, Everyth. Ev.wh./Orange (gb, +44)
23434|United Kingdom, Everyth. Ev.wh./Orange (gb, +44)
23419|United Kingdom, PMN/Teleware (gb, +44)
23412|United Kingdom, Railtrack Plc (gb, +44)
23422|United Kingdom, Routotelecom (gb, +44)
23457|United Kingdom, Sky UK Limited (gb, +44)
23424|United Kingdom, Stour Marine (gb, +44)
23437|United Kingdom, Synectiv Ltd. (gb, +44)
23431|United Kingdom, Everyth. Ev.wh./T-Mobile (gb, +44)
23430|United Kingdom, Everyth. Ev.wh./T-Mobile (gb, +44)
23432|United Kingdom, Everyth. Ev.wh./T-Mobile (gb, +44)
23427|United Kingdom, Vodafone (gb, +44)
2349|United Kingdom, Tismi (gb, +44)
23425|United Kingdom, Truphone (gb, +44)
23451|United Kingdom, Jersey Telecom (gb, +44)
23423|United Kingdom, Vectofone Mobile Wifi (gb, +44)
23491|United Kingdom, Vodafone (gb, +44)
23415|United Kingdom, Vodafone (gb, +44)
23478|United Kingdom, Wave Telecom Ltd (gb, +44)
31050|United States, (us, +1)
310880|United States, (us, +1)
310850|United States, Aeris Comm. Inc. (us, +1)
310640|United States, (us, +1)
310510|United States, Airtel Wireless LLC (us, +1)
310190|United States, Unknown (us, +1)
31290|United States, Allied Wireless Communications Corporation (us, +1)
311130|United States, (us, +1)
310710|United States, Arctic Slope Telephone Association Cooperative Inc. (us, +1)
310560|United States, AT&T Wireless Inc. (us, +1)
310410|United States, AT&T Wireless Inc. (us, +1)
310380|United States, AT&T Wireless Inc. (us, +1)
310170|United States, AT&T Wireless Inc. (us, +1)
310150|United States, AT&T Wireless Inc. (us, +1)
310680|United States, AT&T Wireless Inc. (us, +1)
31070|United States, AT&T Wireless Inc. (us, +1)
310980|United States, AT&T Wireless Inc. (us, +1)
311810|United States, Bluegrass Wireless LLC (us, +1)
311800|United States, Bluegrass Wireless LLC (us, +1)
311440|United States, Bluegrass Wireless LLC (us, +1)
310900|United States, Cable & Communications Corp. (us, +1)
311590|United States, California RSA No. 3 Limited Partnership (us, +1)
311500|United States, Cambridge Telephone Company Inc. (us, +1)
310830|United States, Caprock Cellular Ltd. (us, +1)
31012|United States, Verizon Wireless (us, +1)
311280|United States, Verizon Wireless (us, +1)
311485|United States, Verizon Wireless (us, +1)
311110|United States, Verizon Wireless (us, +1)
311285|United States, Verizon Wireless (us, +1)
311274|United States, Verizon Wireless (us, +1)
311390|United States, Verizon Wireless (us, +1)
31010|United States, Verizon Wireless (us, +1)
311279|United States, Verizon Wireless (us, +1)
311484|United States, Verizon Wireless (us, +1)
310910|United States, Verizon Wireless (us, +1)
311284|United States, Verizon Wireless (us, +1)
311489|United States, Verizon Wireless (us, +1)
311273|United States, Verizon Wireless (us, +1)
311289|United States, Verizon Wireless (us, +1)
3104|United States, Verizon Wireless (us, +1)
311278|United States, Verizon Wireless (us, +1)
311483|United States, Verizon Wireless (us, +1)
310890|United States, Verizon Wireless (us, +1)
311283|United States, Verizon Wireless (us, +1)
311488|United States, Verizon Wireless (us, +1)
311272|United States, Verizon Wireless (us, +1)
311288|United States, Verizon Wireless (us, +1)
311277|United States, Verizon Wireless (us, +1)
311482|United States, Verizon Wireless (us, +1)
310590|United States, Verizon Wireless (us, +1)
311282|United States, Verizon Wireless (us, +1)
311487|United States, Verizon Wireless (us, +1)
311271|United States, Verizon Wireless (us, +1)
311287|United States, Verizon Wireless (us, +1)
311276|United States, Verizon Wireless (us, +1)
311481|United States, Verizon Wireless (us, +1)
31013|United States, Verizon Wireless (us, +1)
311281|United States, Verizon Wireless (us, +1)
311486|United States, Verizon Wireless (us, +1)
311270|United States, Verizon Wireless (us, +1)
311286|United States, Verizon Wireless (us, +1)
311275|United States, Verizon Wireless (us, +1)
311480|United States, Verizon Wireless (us, +1)
310360|United States, Cellular Network Partnership LLC (us, +1)
312280|United States, Cellular Network Partnership LLC (us, +1)
312270|United States, Cellular Network Partnership LLC (us, +1)
311190|United States, (us, +1)
31030|United States, (us, +1)
311120|United States, Choice Phone LLC (us, +1)
310480|United States, Choice Phone LLC (us, +1)
310630|United States, (us, +1)
310420|United States, Cincinnati Bell Wireless LLC (us, +1)
310180|United States, Cingular Wireless (us, +1)
310620|United States, Coleman County Telco /Trans TX (us, +1)
31140|United States, (us, +1)
3106|United States, Consolidated Telcom (us, +1)
31060|United States, Consolidated Telcom (us, +1)
31026|United States, (us, +1)
312380|United States, (us, +1)
310930|United States, (us, +1)
311240|United States, (us, +1)
31080|United States, (us, +1)
310700|United States, Cross Valliant Cellular Partnership (us, +1)
31230|United States, Cross Wireless Telephone Co. (us, +1)
311140|United States, Cross Wireless Telephone Co. (us, +1)
311520|United States, (us, +1)
31240|United States, Custer Telephone Cooperative Inc. (us, +1)
310440|United States, Dobson Cellular Systems (us, +1)
310990|United States, E.N.M.R. Telephone Coop. (us, +1)
312130|United States, East Kentucky Network LLC (us, +1)
312120|United States, East Kentucky Network LLC (us, +1)
310750|United States, East Kentucky Network LLC (us, +1)
31090|United States, Edge Wireless LLC (us, +1)
310610|United States, Elkhart TelCo. / Epic Touch Co. (us, +1)
311210|United States, (us, +1)
311311|United States, Farmers (us, +1)
311460|United States, Fisher Wireless Services Inc. (us, +1)
311370|United States, GCI Communication Corp. (us, +1)
310430|United States, GCI Communication Corp. (us, +1)
310920|United States, Get Mobile Inc. (us, +1)
310970|United States, (us, +1)
311340|United States, Illinois Valley Cellular RSA 2 Partnership (us, +1)
31130|United States, (us, +1)
312170|United States, Iowa RSA No. 2 Limited Partnership (us, +1)
311410|United States, Iowa RSA No. 2 Limited Partnership (us, +1)
310770|United States, Iowa Wireless Services LLC (us, +1)
310650|United States, Jasper (us, +1)
310870|United States, Kaplan Telephone Company Inc. (us, +1)
310690|United States, Keystone Wireless LLC (us, +1)
312180|United States, Keystone Wireless LLC (us, +1)
311310|United States, Lamar County Cellular (us, +1)
31016|United States, Leap Wireless International Inc. (us, +1)
31190|United States, (us, +1)
31040|United States, Matanuska Tel. Assn. Inc. (us, +1)
310780|United States, Message Express Co. / Airlink PCS (us, +1)
311660|United States, (us, +1)
311330|United States, Michigan Wireless LLC (us, +1)
3110|United States, (us, +1)
310400|United States, Minnesota South. Wirel. Co. / Hickory (us, +1)
312220|United States, Missouri RSA No 5 Partnership (us, +1)
31210|United States, Missouri RSA No 5 Partnership (us, +1)
311920|United States, Missouri RSA No 5 Partnership (us, +1)
31120|United States, Missouri RSA No 5 Partnership (us, +1)
31110|United States, Missouri RSA No 5 Partnership (us, +1)
310350|United States, Mohave Cellular LP (us, +1)
310570|United States, MTPCS LLC (us, +1)
310290|United States, NEP Cellcorp Inc. (us, +1)
31034|United States, Nevada Wireless LLC (us, +1)
311380|United States, (us, +1)
310600|United States, New-Cell Inc. (us, +1)
311100|United States, (us, +1)
311300|United States, Nexus Communications Inc. (us, +1)
310130|United States, North Carolina RSA 3 Cellular Tel. Co. (us, +1)
312230|United States, North Dakota Network Company (us, +1)
311610|United States, North Dakota Network Company (us, +1)
310450|United States, Northeast Colorado Cellular Inc. (us, +1)
311710|United States, Northeast Wireless Networks LLC (us, +1)
310670|United States, Northstar (us, +1)
31011|United States, Northstar (us, +1)
311420|United States, Northwest Missouri Cellular Limited Partnership (us, +1)
310540|United States, (us, +1)
310760|United States, Panhandle Telephone Cooperative Inc. (us, +1)
310580|United States, PCS ONE (us, +1)
311170|United States, PetroCom (us, +1)
311670|United States, Pine Belt Cellular, Inc. (us, +1)
31180|United States, (us, +1)
310790|United States, (us, +1)
310100|United States, Plateau Telecommunications Inc. (us, +1)
310940|United States, Poka Lambro Telco Ltd. (us, +1)
311730|United States, (us, +1)
311540|United States, (us, +1)
310500|United States, Public Service Cellular Inc. (us, +1)
312160|United States, RSA 1 Limited Partnership (us, +1)
311430|United States, RSA 1 Limited Partnership (us, +1)
311350|United States, Sagebrush Cellular Inc. (us, +1)
311910|United States, (us, +1)
31046|United States, SIMMETRY (us, +1)
311260|United States, SLO Cellular Inc / Cellular One of San Luis (us, +1)
310320|United States, Smith Bagley Inc. (us, +1)
31015|United States, Unknown (us, +1)
31611|United States, Southern Communications Services Inc. (us, +1)
312530|United States, Sprint Spectrum (us, +1)
310120|United States, Sprint Spectrum (us, +1)
31610|United States, Sprint Spectrum (us, +1)
312190|United States, Sprint Spectrum (us, +1)
311880|United States, Sprint Spectrum (us, +1)
311870|United States, Sprint Spectrum (us, +1)
311490|United States, Sprint Spectrum (us, +1)
310160|United States, T-Mobile (us, +1)
310240|United States, T-Mobile (us, +1)
310660|United States, T-Mobile (us, +1)
310230|United States, T-Mobile (us, +1)
31031|United States, T-Mobile (us, +1)
310220|United States, T-Mobile (us, +1)
310270|United States, T-Mobile (us, +1)
310210|United States, T-Mobile (us, +1)
310260|United States, T-Mobile (us, +1)
310200|United States, T-Mobile (us, +1)
310250|United States, T-Mobile (us, +1)
310300|United States, T-Mobile (us, +1)
310280|United States, T-Mobile (us, +1)
310330|United States, T-Mobile (us, +1)
310800|United States, T-Mobile (us, +1)
310310|United States, T-Mobile (us, +1)
311740|United States, (us, +1)
310740|United States, Telemetrix Inc. (us, +1)
31014|United States, Testing (us, +1)
310950|United States, Unknown (us, +1)
310860|United States, Texas RSA 15B2 Limited Partnership (us, +1)
311830|United States, Thumb Cellular Limited Partnership (us, +1)
31150|United States, Thumb Cellular Limited Partnership (us, +1)
310460|United States, TMP Corporation (us, +1)
310490|United States, Triton PCS (us, +1)
312290|United States, Uintah Basin Electronics Telecommunications Inc. (us, +1)
311860|United States, Uintah Basin Electronics Telecommunications Inc. (us, +1)
310960|United States, Uintah Basin Electronics Telecommunications Inc. (us, +1)
31020|United States, Union Telephone Co. (us, +1)
310730|United States, United States Cellular Corp. (us, +1)
311220|United States, United States Cellular Corp. (us, +1)
311650|United States, United Wireless Communications Inc. (us, +1)
31038|United States, USA 3650 AT&T (us, +1)
310520|United States, VeriSign (us, +1)
3103|United States, Unknown (us, +1)
31023|United States, Unknown (us, +1)
31024|United States, Unknown (us, +1)
31025|United States, Unknown (us, +1)
310530|United States, West Virginia Wireless (us, +1)
31026|United States, Unknown (us, +1)
310340|United States, Westlink Communications, LLC (us, +1)
311150|United States, (us, +1)
31170|United States, Wisconsin RSA #7 Limited Partnership (us, +1)
310390|United States, Yorkville Telephone Cooperative (us, +1)
7481|Uruguay, Ancel/Antel (uy, +598)
7483|Uruguay, Ancel/Antel (uy, +598)
74810|Uruguay, Claro/AM Wireless (uy, +598)
7487|Uruguay, MOVISTAR (uy, +598)
4344|Uzbekistan, Bee Line/Unitel (uz, +998)
4341|Uzbekistan, Buztel (uz, +998)
4347|Uzbekistan, MTS/Uzdunrobita (uz, +998)
4345|Uzbekistan, Ucell/Coscom (uz, +998)
4342|Uzbekistan, Uzmacom (uz, +998)
5415|Vanuatu, DigiCel (vu, +678)
5411|Vanuatu, SMILE (vu, +678)
7343|Venezuela, DigiTel C.A. (ve, +58)
7342|Venezuela, DigiTel C.A. (ve, +58)
7341|Venezuela, DigiTel C.A. (ve, +58)
7346|Venezuela, Movilnet C.A. (ve, +58)
7344|Venezuela, Movistar/TelCel (ve, +58)
4527|Viet Nam, Beeline (vn, +84)
4521|Viet Nam, Mobifone (vn, +84)
4523|Viet Nam, S-Fone/Telecom (vn, +84)
4525|Viet Nam, VietnaMobile (vn, +84)
4524|Viet Nam, Viettel Mobile (vn, +84)
4528|Viet Nam, Viettel Mobile (vn, +84)
4526|Viet Nam, Viettel Mobile (vn, +84)
4522|Viet Nam, Vinaphone (vn, +84)
37650|Virgin Islands, U.S., Digicel (vi, +1340)
4214|Yemen, HITS/Y Unitel (ye, +967)
4212|Yemen, MTN/Spacetel (ye, +967)
4211|Yemen, Sabaphone (ye, +967)
4213|Yemen, Yemen Mob. CDMA (ye, +967)
6453|Zambia, Zamtel/Cell Z/MTS (zm, +260)
6452|Zambia, MTN/Telecel (zm, +260)
6451|Zambia, Airtel/Zain/Celtel (zm, +260)
6484|Zimbabwe, Econet (zw, +263)
6481|Zimbabwe, Net One (zw, +263)
6483|Zimbabwe, Telecel (zw, +263)
